created_at,id,updated_at,nickname,user_account_id,password
2023-07-30 19:08:07,1,2023-08-03 19:08:07,winniegreenholt,catrinawisoky,fi0id982m1yuh
2023-08-06 19:08:07,2,2023-08-07 19:08:07,keenabeatty,titushammes,tldv8crl
2023-07-27 19:08:07,3,2023-08-04 19:08:07,julianmarquardt,shelbakrajcik,waypkjjo
2023-08-07 19:08:07,4,2023-08-05 19:08:07,janniebarrows,laneborer,o3urvsod0
2023-07-20 19:08:07,5,2023-07-30 19:08:07,tyreerosenbaum,arnoldkuhic,z8hd401tns
2023-07-28 19:08:07,6,2023-08-10 19:08:07,marniefranecki,chasmcglynn,3lcnzv6b1ex
2023-08-04 19:08:07,7,2023-08-08 19:08:07,genekoelpin,martinmurphy,ov1loymdmf
2023-07-17 19:08:07,8,2023-08-05 19:08:07,maciegreenholt,bettepacocha,n9xectf6o23oy0
2023-07-19 19:08:07,9,2023-08-01 19:08:07,robbinstroman,ricoryan,h0v4otfv
2023-07-31 19:08:07,10,2023-08-06 19:08:07,suzannrohan,larryhansen,6ne3w746l3q
